[
  {
    "id": "58b14bac-5dfc-4e28-9b92-3bd30829e8f9",
    "data": [
      {
        "text": "it was ",
        "userDefined": false
      },
      {
        "text": "520",
        "alias": "number-integer",
        "meta": "@sys.number-integer",
        "userDefined": false
      }
    ],
    "isTemplate": false,
    "count": 0,
    "updated": 0
  },
  {
    "id": "e86f305c-9cfb-490f-a47f-a46b9f8148b0",
    "data": [
      {
        "text": "it is ",
        "userDefined": false
      },
      {
        "text": "5000",
        "alias": "number-integer",
        "meta": "@sys.number-integer",
        "userDefined": false
      }
    ],
    "isTemplate": false,
    "count": 0,
    "updated": 0
  },
  {
    "id": "b784d2bc-37c0-4cf5-ad39-b49a40e5b17d",
    "data": [
      {
        "text": "rupees ",
        "userDefined": false
      },
      {
        "text": "200000",
        "alias": "number-integer",
        "meta": "@sys.number-integer",
        "userDefined": true
      }
    ],
    "isTemplate": false,
    "count": 0,
    "updated": 0
  },
  {
    "id": "792b30a2-948f-4887-bf5d-41f09d34e866",
    "data": [
      {
        "text": "500",
        "alias": "number-integer",
        "meta": "@sys.number-integer",
        "userDefined": true
      },
      {
        "text": " rupees",
        "userDefined": false
      }
    ],
    "isTemplate": false,
    "count": 0,
    "updated": 0
  },
  {
    "id": "fcc0cb4e-8e14-4771-bb90-1517afa6d1b5",
    "data": [
      {
        "text": "i earned ",
        "userDefined": false
      },
      {
        "text": "forty thousand",
        "alias": "number-integer",
        "meta": "@sys.number-integer",
        "userDefined": true
      },
      {
        "text": " rupees",
        "userDefined": false
      }
    ],
    "isTemplate": false,
    "count": 0,
    "updated": 0
  },
  {
    "id": "627e28a7-2aa7-47f4-9e8f-b2bd584a320e",
    "data": [
      {
        "text": "my salary was ",
        "userDefined": false
      },
      {
        "text": "200",
        "alias": "number-integer",
        "meta": "@sys.number-integer",
        "userDefined": true
      },
      {
        "text": " rupees",
        "userDefined": false
      }
    ],
    "isTemplate": false,
    "count": 0,
    "updated": 0
  },
  {
    "id": "6c446525-8e46-476c-9892-8e8608468f9f",
    "data": [
      {
        "text": "my salary is ",
        "userDefined": false
      },
      {
        "text": "20000",
        "alias": "number-integer",
        "meta": "@sys.number-integer",
        "userDefined": true
      },
      {
        "text": " rupees",
        "userDefined": false
      }
    ],
    "isTemplate": false,
    "count": 0,
    "updated": 0
  },
  {
    "id": "069c9630-9548-4032-95be-0751ee7df44d",
    "data": [
      {
        "text": "my salary was ",
        "userDefined": false
      },
      {
        "text": "20000",
        "alias": "number-integer",
        "meta": "@sys.number-integer",
        "userDefined": false
      }
    ],
    "isTemplate": false,
    "count": 0,
    "updated": 0
  },
  {
    "id": "3dd53b50-fe93-402c-953b-b26bd62f4897",
    "data": [
      {
        "text": "my salary is ",
        "userDefined": false
      },
      {
        "text": "forty thousand",
        "alias": "number-integer",
        "meta": "@sys.number-integer",
        "userDefined": false
      }
    ],
    "isTemplate": false,
    "count": 0,
    "updated": 0
  },
  {
    "id": "9b5844aa-e593-4492-998e-54613f724101",
    "data": [
      {
        "text": "my current salary is ",
        "userDefined": false
      },
      {
        "text": "50000",
        "alias": "number-integer",
        "meta": "@sys.number-integer",
        "userDefined": false
      }
    ],
    "isTemplate": false,
    "count": 0,
    "updated": 0
  },
  {
    "id": "1ce9128e-2346-4d3c-9913-9be8681ae1b7",
    "data": [
      {
        "text": "123",
        "alias": "number-integer",
        "meta": "@sys.number-integer",
        "userDefined": true
      }
    ],
    "isTemplate": false,
    "count": 0,
    "updated": 0
  },
  {
    "id": "67ded933-f4cd-4730-ba0f-64a3e5356871",
    "data": [
      {
        "text": "i earned ",
        "userDefined": false
      },
      {
        "text": "465",
        "alias": "number-integer",
        "meta": "@sys.number-integer",
        "userDefined": true
      }
    ],
    "isTemplate": false,
    "count": 0,
    "updated": 0
  }
]