[
  {
    "id": "5b154242-b566-4c69-b76c-116aa645a69c",
    "data": [
      {
        "text": "it was ",
        "userDefined": false
      },
      {
        "text": "ceo",
        "alias": "any",
        "meta": "@sys.any",
        "userDefined": true
      }
    ],
    "isTemplate": false,
    "count": 0,
    "updated": 0
  },
  {
    "id": "ea2dbc46-c9a3-4811-b4db-6db45c983191",
    "data": [
      {
        "text": "it is ",
        "userDefined": false
      },
      {
        "text": "ceo",
        "alias": "any",
        "meta": "@sys.any",
        "userDefined": true
      }
    ],
    "isTemplate": false,
    "count": 0,
    "updated": 0
  },
  {
    "id": "0b904f57-5dcb-4424-addf-e749f185b58c",
    "data": [
      {
        "text": "my current designation is ",
        "userDefined": false
      },
      {
        "text": "ceo",
        "alias": "any",
        "meta": "@sys.any",
        "userDefined": true
      }
    ],
    "isTemplate": false,
    "count": 0,
    "updated": 0
  },
  {
    "id": "01aa8264-b14f-46fe-82a4-f98e1ae2e2d1",
    "data": [
      {
        "text": "my previous designation was ",
        "userDefined": false
      },
      {
        "text": "ceo",
        "alias": "any",
        "meta": "@sys.any",
        "userDefined": true
      }
    ],
    "isTemplate": false,
    "count": 0,
    "updated": 0
  },
  {
    "id": "4d5f4777-f566-4ad2-b1a8-035a48100502",
    "data": [
      {
        "text": " ",
        "userDefined": false
      },
      {
        "text": "ceo",
        "alias": "any",
        "meta": "@sys.any",
        "userDefined": true
      }
    ],
    "isTemplate": false,
    "count": 0,
    "updated": 0
  },
  {
    "id": "56b942c7-0cf6-472e-8f41-83f0d97df37f",
    "data": [
      {
        "text": "i was a ",
        "userDefined": false
      },
      {
        "text": "ceo",
        "alias": "any",
        "meta": "@sys.any",
        "userDefined": true
      }
    ],
    "isTemplate": false,
    "count": 1,
    "updated": 0
  },
  {
    "id": "def54680-81ab-4c2a-ba18-c258032bee8d",
    "data": [
      {
        "text": "i was  ",
        "userDefined": false
      },
      {
        "text": "ceo",
        "alias": "any",
        "meta": "@sys.any",
        "userDefined": true
      }
    ],
    "isTemplate": false,
    "count": 0,
    "updated": 0
  }
]