[
  {
    "id": "83fceaf3-a65b-4102-9114-4430a3b88f9f",
    "data": [
      {
        "text": "none",
        "userDefined": false
      }
    ],
    "isTemplate": false,
    "count": 5,
    "updated": 0
  },
  {
    "id": "7d3310de-b071-4028-9274-bc9bef841fe3",
    "data": [
      {
        "text": "design",
        "userDefined": false
      }
    ],
    "isTemplate": false,
    "count": 0,
    "updated": 0
  },
  {
    "id": "7e202ab5-abaf-4528-b010-5f359c3cfdf2",
    "data": [
      {
        "text": "testing",
        "userDefined": false
      }
    ],
    "isTemplate": false,
    "count": 0,
    "updated": 0
  },
  {
    "id": "b12e474b-5678-4bb8-9152-f6a51cb996df",
    "data": [
      {
        "text": "development",
        "userDefined": false
      }
    ],
    "isTemplate": false,
    "count": 0,
    "updated": 0
  }
]