[
  {
    "id": "167b17f7-8afe-4063-ad56-cc2d414bdd01",
    "data": [
      {
        "text": "i am a ",
        "userDefined": false
      },
      {
        "text": "evdewv",
        "alias": "degree",
        "meta": "@degree",
        "userDefined": true
      }
    ],
    "isTemplate": false,
    "count": 0,
    "updated": 0
  },
  {
    "id": "77053135-b98a-464c-bd50-e903257135aa",
    "data": [
      {
        "text": "my educational qualification is ",
        "userDefined": false
      },
      {
        "text": "sdvwvevew",
        "alias": "degree",
        "meta": "@degree",
        "userDefined": true
      }
    ],
    "isTemplate": false,
    "count": 0,
    "updated": 0
  },
  {
    "id": "c3347f67-a292-4b19-9287-20b954ae7811",
    "data": [
      {
        "text": "graduate",
        "alias": "degree",
        "meta": "@degree",
        "userDefined": true
      }
    ],
    "isTemplate": false,
    "count": 0,
    "updated": 0
  },
  {
    "id": "2d66408e-ac6c-404b-b141-fa0771d5e6dc",
    "data": [
      {
        "text": " i am ",
        "userDefined": false
      },
      {
        "text": "ibug",
        "alias": "degree",
        "meta": "@degree",
        "userDefined": true
      }
    ],
    "isTemplate": false,
    "count": 0,
    "updated": 0
  },
  {
    "id": "2efdad56-bf14-4a4d-9e6d-da1576654340",
    "data": [
      {
        "text": "i have done ",
        "userDefined": false
      },
      {
        "text": "ygjb",
        "alias": "degree",
        "meta": "@degree",
        "userDefined": true
      }
    ],
    "isTemplate": false,
    "count": 0,
    "updated": 0
  }
]