[
  {
    "id": "06f1d6c8-1357-49b1-aecb-db7b0ad994cc",
    "data": [
      {
        "text": "send me a mail at ",
        "userDefined": false
      },
      {
        "text": "jhg",
        "alias": "any",
        "meta": "@sys.any",
        "userDefined": true
      }
    ],
    "isTemplate": false,
    "count": 0,
    "updated": 0
  },
  {
    "id": "79c81520-0c81-4af1-ae80-2d8eb3572db6",
    "data": [
      {
        "text": "mail is ",
        "userDefined": false
      },
      {
        "text": "kjgk",
        "alias": "any",
        "meta": "@sys.any",
        "userDefined": true
      }
    ],
    "isTemplate": false,
    "count": 0,
    "updated": 0
  },
  {
    "id": "3d0461b3-a92f-4cac-b217-ce755ea58228",
    "data": [
      {
        "text": "it is ",
        "userDefined": false
      },
      {
        "text": "jhg",
        "alias": "any",
        "meta": "@sys.any",
        "userDefined": true
      }
    ],
    "isTemplate": false,
    "count": 0,
    "updated": 0
  },
  {
    "id": "7af40d4b-7acd-467c-a4f7-0f9c48e6feef",
    "data": [
      {
        "text": "mail me at ",
        "userDefined": false
      },
      {
        "text": "hk",
        "alias": "any",
        "meta": "@sys.any",
        "userDefined": true
      }
    ],
    "isTemplate": false,
    "count": 0,
    "updated": 0
  },
  {
    "id": "81308863-4511-4e78-848a-974063ff3728",
    "data": [
      {
        "text": "address is ",
        "userDefined": false
      },
      {
        "text": "78",
        "alias": "any",
        "meta": "@sys.any",
        "userDefined": true
      }
    ],
    "isTemplate": false,
    "count": 0,
    "updated": 0
  },
  {
    "id": "ab1aa6a8-feec-45fb-bad2-e48f742dfc01",
    "data": [
      {
        "text": "my id is ",
        "userDefined": false
      },
      {
        "text": "awsd",
        "alias": "any",
        "meta": "@sys.any",
        "userDefined": true
      }
    ],
    "isTemplate": false,
    "count": 0,
    "updated": 0
  },
  {
    "id": "7eb15810-097c-4d80-a316-deb6cef784d9",
    "data": [
      {
        "text": "mail me on ",
        "userDefined": false
      },
      {
        "text": "asd",
        "alias": "any",
        "meta": "@sys.any",
        "userDefined": true
      }
    ],
    "isTemplate": false,
    "count": 0,
    "updated": 0
  },
  {
    "id": "78ef6d4d-3b32-43f8-82fa-ad32860be04e",
    "data": [
      {
        "text": "kldkns@ldfkm.com",
        "alias": "any",
        "meta": "@sys.any",
        "userDefined": true
      }
    ],
    "isTemplate": false,
    "count": 0,
    "updated": 0
  },
  {
    "id": "28c09277-7b9e-4a31-b884-086fd47f2940",
    "data": [
      {
        "text": "my email is ",
        "userDefined": false
      },
      {
        "text": "utsav@kjqsbscsn.com",
        "alias": "any",
        "meta": "@sys.any",
        "userDefined": true
      }
    ],
    "isTemplate": false,
    "count": 0,
    "updated": 0
  }
]