[
  {
    "id": "b8b979fe-eb00-421f-9e70-35daae1046ce",
    "data": [
      {
        "text": "my expectation is ",
        "userDefined": false
      },
      {
        "text": "fourty thousand",
        "alias": "number-integer",
        "meta": "@sys.number-integer",
        "userDefined": false
      }
    ],
    "isTemplate": false,
    "count": 0,
    "updated": 0
  },
  {
    "id": "0584d23d-d0c2-4c50-acaa-e18545d3eba2",
    "data": [
      {
        "text": "i expect ",
        "userDefined": false
      },
      {
        "text": "123",
        "alias": "number-integer",
        "meta": "@sys.number-integer",
        "userDefined": false
      }
    ],
    "isTemplate": false,
    "count": 0,
    "updated": 0
  },
  {
    "id": "ddce4e72-91bc-49c0-8fac-f6f1ae13319a",
    "data": [
      {
        "text": "atleast ",
        "userDefined": false
      },
      {
        "text": "123",
        "alias": "number-integer",
        "meta": "@sys.number-integer",
        "userDefined": false
      }
    ],
    "isTemplate": false,
    "count": 0,
    "updated": 0
  },
  {
    "id": "c97931e5-768f-4486-bd81-ec19fe2605c6",
    "data": [
      {
        "text": "i expect nearly ",
        "userDefined": false
      },
      {
        "text": "123",
        "alias": "number-integer",
        "meta": "@sys.number-integer",
        "userDefined": false
      }
    ],
    "isTemplate": false,
    "count": 0,
    "updated": 0
  },
  {
    "id": "f17072b6-b98f-408a-b61c-a712743b4e59",
    "data": [
      {
        "text": "  ",
        "userDefined": false
      },
      {
        "text": "123",
        "alias": "number-integer",
        "meta": "@sys.number-integer",
        "userDefined": true
      }
    ],
    "isTemplate": false,
    "count": 0,
    "updated": 0
  },
  {
    "id": "eab2838a-b5aa-44c1-9bbd-130a7527f1eb",
    "data": [
      {
        "text": "i think  ",
        "userDefined": false
      },
      {
        "text": "123",
        "alias": "number-integer",
        "meta": "@sys.number-integer",
        "userDefined": true
      }
    ],
    "isTemplate": false,
    "count": 0,
    "updated": 0
  }
]