[
  {
    "id": "09a84cc1-29c8-4fbc-87a2-9231961a8d51",
    "data": [
      {
        "text": "call me ",
        "userDefined": false
      },
      {
        "text": "akshat",
        "alias": "any",
        "meta": "@sys.any",
        "userDefined": true
      }
    ],
    "isTemplate": false,
    "count": 0,
    "updated": 0
  },
  {
    "id": "de08db4e-3a1b-48a0-b6e3-640dd60c4655",
    "data": [
      {
        "text": "people call me ",
        "userDefined": false
      },
      {
        "text": "akshat",
        "alias": "any",
        "meta": "@sys.any",
        "userDefined": true
      }
    ],
    "isTemplate": false,
    "count": 0,
    "updated": 0
  },
  {
    "id": "ae617197-b530-4973-a44f-fc354f97117d",
    "data": [
      {
        "text": "it is ",
        "userDefined": false
      },
      {
        "text": "akshat",
        "alias": "any",
        "meta": "@sys.any",
        "userDefined": true
      }
    ],
    "isTemplate": false,
    "count": 0,
    "updated": 0
  },
  {
    "id": "788ab4c7-97f0-47d1-943b-6a77ecc60fb1",
    "data": [
      {
        "text": "i am ",
        "userDefined": false
      },
      {
        "text": "ironman",
        "alias": "any",
        "meta": "@sys.any",
        "userDefined": true
      }
    ],
    "isTemplate": false,
    "count": 0,
    "updated": 0
  },
  {
    "id": "d3638edb-ae54-4f59-a3aa-27e9f2ddf430",
    "data": [
      {
        "text": "myself ",
        "userDefined": false
      },
      {
        "text": "asd",
        "alias": "any",
        "meta": "@sys.any",
        "userDefined": true
      }
    ],
    "isTemplate": false,
    "count": 0,
    "updated": 0
  },
  {
    "id": "ff164250-d148-4825-9ca0-2de52f67177c",
    "data": [
      {
        "text": "you can call me ",
        "userDefined": false
      },
      {
        "text": "asjd",
        "alias": "any",
        "meta": "@sys.any",
        "userDefined": true
      }
    ],
    "isTemplate": false,
    "count": 0,
    "updated": 0
  },
  {
    "id": "88d2711e-48d8-4616-9c6e-7aea465aa151",
    "data": [
      {
        "text": "jake",
        "alias": "any",
        "meta": "@sys.any",
        "userDefined": false
      }
    ],
    "isTemplate": false,
    "count": 0,
    "updated": 0
  },
  {
    "id": "04d3648b-122d-44d2-a9c8-e318e20ef1a2",
    "data": [
      {
        "text": "my name is ",
        "userDefined": false
      },
      {
        "text": "john",
        "alias": "any",
        "meta": "@sys.any",
        "userDefined": false
      }
    ],
    "isTemplate": false,
    "count": 0,
    "updated": 0
  }
]