[
  {
    "id": "30fd79f3-57c4-4a44-aa13-e38ef4987b97",
    "data": [
      {
        "text": "no",
        "alias": "yesno",
        "meta": "@yesno",
        "userDefined": true
      }
    ],
    "isTemplate": false,
    "count": 0,
    "updated": 0
  },
  {
    "id": "d6e8f779-227c-4a3b-8f2a-11da4f58afb7",
    "data": [
      {
        "text": "yes",
        "alias": "yesno",
        "meta": "@yesno",
        "userDefined": true
      }
    ],
    "isTemplate": false,
    "count": 0,
    "updated": 0
  }
]