[
  {
    "id": "452e3322-f085-477a-95c6-ba751603d69f",
    "data": [
      {
        "text": "yes",
        "alias": "yesno",
        "meta": "@yesno",
        "userDefined": true
      }
    ],
    "isTemplate": false,
    "count": 0,
    "updated": 0
  },
  {
    "id": "7dafbe08-f105-4bda-a30b-5688e3ed1805",
    "data": [
      {
        "text": "no",
        "alias": "yesno",
        "meta": "@yesno",
        "userDefined": true
      }
    ],
    "isTemplate": false,
    "count": 0,
    "updated": 0
  }
]