[
  {
    "id": "3f6eb35d-f952-42c7-90d7-050e54b1d422",
    "data": [
      {
        "text": "dial ",
        "userDefined": false
      },
      {
        "text": "123",
        "alias": "any",
        "meta": "@sys.any",
        "userDefined": true
      }
    ],
    "isTemplate": false,
    "count": 0,
    "updated": 0
  },
  {
    "id": "ce4c565e-b4f0-4285-952b-5032fe888ba7",
    "data": [
      {
        "text": "hmu at ",
        "userDefined": false
      },
      {
        "text": "123",
        "alias": "any",
        "meta": "@sys.any",
        "userDefined": true
      }
    ],
    "isTemplate": false,
    "count": 0,
    "updated": 0
  },
  {
    "id": "12c1942b-ed7a-442a-9ec6-5fc60d8570b3",
    "data": [
      {
        "text": "give me a ring at ",
        "userDefined": false
      },
      {
        "text": "123",
        "alias": "any",
        "meta": "@sys.any",
        "userDefined": true
      }
    ],
    "isTemplate": false,
    "count": 0,
    "updated": 0
  },
  {
    "id": "8354d530-f63b-47c6-bce8-5d007b3798c1",
    "data": [
      {
        "text": "my whatsapp number is ",
        "userDefined": false
      },
      {
        "text": "123",
        "alias": "any",
        "meta": "@sys.any",
        "userDefined": true
      }
    ],
    "isTemplate": false,
    "count": 0,
    "updated": 0
  },
  {
    "id": "27046c94-685c-4633-9592-638e91062dc7",
    "data": [
      {
        "text": "my calling number is ",
        "userDefined": false
      },
      {
        "text": "123",
        "alias": "any",
        "meta": "@sys.any",
        "userDefined": true
      }
    ],
    "isTemplate": false,
    "count": 0,
    "updated": 0
  },
  {
    "id": "1b375151-f194-4772-867f-22984e05a296",
    "data": [
      {
        "text": "you can call me at ",
        "userDefined": false
      },
      {
        "text": "123",
        "alias": "any",
        "meta": "@sys.any",
        "userDefined": true
      }
    ],
    "isTemplate": false,
    "count": 0,
    "updated": 0
  },
  {
    "id": "a26813ed-6bd7-4453-b3f0-72c66acd9494",
    "data": [
      {
        "text": "it is ",
        "userDefined": false
      },
      {
        "text": "123",
        "alias": "any",
        "meta": "@sys.any",
        "userDefined": true
      }
    ],
    "isTemplate": false,
    "count": 0,
    "updated": 0
  },
  {
    "id": "9451497e-d149-4703-9942-85a9188ef60e",
    "data": [
      {
        "text": "my contact number is ",
        "userDefined": false
      },
      {
        "text": "1232s",
        "alias": "any",
        "meta": "@sys.any",
        "userDefined": true
      }
    ],
    "isTemplate": false,
    "count": 0,
    "updated": 0
  },
  {
    "id": "08bb7c37-78a1-4914-b3bd-d74a7c04092b",
    "data": [
      {
        "text": "my phone number is ",
        "userDefined": false
      },
      {
        "text": "as",
        "alias": "any",
        "meta": "@sys.any",
        "userDefined": true
      }
    ],
    "isTemplate": false,
    "count": 0,
    "updated": 0
  },
  {
    "id": "64956235-e11d-4dfa-94ac-cb984b98e8f5",
    "data": [
      {
        "text": "call me at ",
        "userDefined": false
      },
      {
        "text": "asd",
        "alias": "any",
        "meta": "@sys.any",
        "userDefined": true
      }
    ],
    "isTemplate": false,
    "count": 0,
    "updated": 0
  },
  {
    "id": "79cfeac4-9cd1-4038-a7e8-5f2eeb6efd26",
    "data": [
      {
        "text": "contact me on ",
        "userDefined": false
      },
      {
        "text": "aad",
        "alias": "any",
        "meta": "@sys.any",
        "userDefined": true
      }
    ],
    "isTemplate": false,
    "count": 0,
    "updated": 0
  },
  {
    "id": "fec899bc-4c24-4fae-8b68-df8ba8186a84",
    "data": [
      {
        "text": "my number is ",
        "userDefined": false
      },
      {
        "text": "as",
        "alias": "any",
        "meta": "@sys.any",
        "userDefined": true
      }
    ],
    "isTemplate": false,
    "count": 0,
    "updated": 0
  },
  {
    "id": "41c58eaa-cc34-4dee-9042-dd0bfabafb30",
    "data": [
      {
        "text": "9231",
        "alias": "any",
        "meta": "@sys.any",
        "userDefined": true
      }
    ],
    "isTemplate": false,
    "count": 0,
    "updated": 0
  }
]