[
  {
    "id": "e4ec7553-871f-40f1-ad9a-9415f9109c25",
    "data": [
      {
        "text": "no",
        "alias": "yesno",
        "meta": "@yesno",
        "userDefined": true
      }
    ],
    "isTemplate": false,
    "count": 0,
    "updated": 0
  },
  {
    "id": "9ad4db72-a9c5-4496-a29a-b394224000a8",
    "data": [
      {
        "text": "yes",
        "alias": "yesno",
        "meta": "@yesno",
        "userDefined": true
      }
    ],
    "isTemplate": false,
    "count": 0,
    "updated": 0
  }
]