[
  {
    "id": "98585a27-77ba-41ed-b22f-de2e29047879",
    "data": [
      {
        "text": "lets talk about ",
        "userDefined": false
      },
      {
        "text": "life",
        "alias": "any",
        "meta": "@sys.any",
        "userDefined": true
      }
    ],
    "isTemplate": false,
    "count": 0,
    "updated": 0
  },
  {
    "id": "25d15a2d-efb2-46fb-ae49-f67718c6cff4",
    "data": [
      {
        "text": "i know ",
        "userDefined": false
      },
      {
        "text": "asd",
        "alias": "any",
        "meta": "@sys.any",
        "userDefined": true
      }
    ],
    "isTemplate": false,
    "count": 0,
    "updated": 0
  },
  {
    "id": "2a9755a0-06c6-43a4-9552-659527e00515",
    "data": [
      {
        "text": "pdb",
        "alias": "any",
        "meta": "@sys.any",
        "userDefined": true
      }
    ],
    "isTemplate": false,
    "count": 0,
    "updated": 0
  }
]