[
  {
    "id": "b6a69ee9-ec34-4792-9fee-5eb3c09c15b1",
    "data": [
      {
        "text": "for ",
        "userDefined": false
      },
      {
        "text": "4",
        "alias": "number",
        "meta": "@sys.number",
        "userDefined": true
      },
      {
        "text": " years",
        "userDefined": false
      }
    ],
    "isTemplate": false,
    "count": 0,
    "updated": 0
  },
  {
    "id": "eda9960d-9eae-4daf-8e6e-df79a623857d",
    "data": [
      {
        "text": "i have worked for ",
        "userDefined": false
      },
      {
        "text": "three",
        "alias": "number",
        "meta": "@sys.number",
        "userDefined": true
      },
      {
        "text": " years before",
        "userDefined": false
      }
    ],
    "isTemplate": false,
    "count": 0,
    "updated": 0
  },
  {
    "id": "ea4a17e7-927b-4a9e-90ad-5f2402b5c8fd",
    "data": [
      {
        "text": "i have ",
        "userDefined": false
      },
      {
        "text": "2",
        "alias": "number",
        "meta": "@sys.number",
        "userDefined": true
      },
      {
        "text": " years of experience",
        "userDefined": false
      }
    ],
    "isTemplate": false,
    "count": 0,
    "updated": 0
  },
  {
    "id": "9d7ad8cf-4037-4b10-b90e-1fe3a14a1a54",
    "data": [
      {
        "text": "2",
        "alias": "number",
        "meta": "@sys.number",
        "userDefined": true
      },
      {
        "text": " years",
        "userDefined": false
      }
    ],
    "isTemplate": false,
    "count": 0,
    "updated": 0
  },
  {
    "id": "8afa8d01-5c72-47e1-b872-0d7951bb2715",
    "data": [
      {
        "text": "2",
        "alias": "number",
        "meta": "@sys.number",
        "userDefined": true
      }
    ],
    "isTemplate": false,
    "count": 0,
    "updated": 0
  },
  {
    "id": "bf2eef0e-1522-413c-9c21-32bd1be3b309",
    "data": [
      {
        "text": "two and a half years",
        "alias": "number",
        "meta": "@sys.number",
        "userDefined": true
      }
    ],
    "isTemplate": false,
    "count": 0,
    "updated": 0
  }
]